First Name,Gender,Start Date,Last Login Time,Salary,Bonus %,Senior Management,Team
Default_First Name,Male,08-06-1993,2024-02-18 12:42 PM,97308,6.945,True,Marketing
Thomas,Male,3/31/1996,06:53 AM,61933,4.17,True,Default_Team
Maria,Female,4/23/1993,11:17 AM,130590,11.858,False,Finance
Jerry,Male,03-04-2005,01:00 PM,138705,9.34,True,Finance
Larry,Male,1/24/1998,04:47 PM,101004,1.389,True,Client Services
Dennis,Male,4/18/1987,01:35 AM,115163,10.125,False,Legal
Ruby,Female,8/17/1987,04:20 PM,65476,10.012,True,Product
Default_First Name,Female,7/20/2015,2024-02-18 10:43 AM,45906,11.598,Default_Senior Management,Finance
Angela,Female,11/22/2005,06:29 AM,95570,18.523,True,Engineering
Frances,Female,08-08-2002,06:51 AM,139852,7.524,True,Business Development
Louise,Female,08-12-1980,09:01 AM,63241,15.132,True,Default_Team
Julie,Female,10/26/1997,03:19 PM,102508,12.637,True,Legal
Brandon,Male,12-01-1980,01:08 AM,112807,17.492,True,Human Resources
Gary,Male,1/27/2008,11:40 PM,109831,5.831,False,Sales
Kimberly,Female,1/14/1999,07:13 AM,41426,14.543,True,Finance
Lillian,Female,06-05-2016,06:09 AM,59414,1.256,False,Product
Jeremy,Male,9/21/2010,05:56 AM,90370,7.369,False,Human Resources
Shawn,Male,12-07-1986,07:45 PM,111737,6.414,False,Product
Diana,Female,10/23/1981,10:27 AM,132940,19.082,False,Client Services
Donna,Female,7/22/2010,03:48 AM,81014,1.894,False,Product
Lois,Default_Gender,4/22/1995,07:18 PM,64714,4.934,True,Legal
Matthew,Male,09-05-1995,02:12 AM,100612,13.645,False,Marketing
Joshua,Default_Gender,03-08-2012,01:58 AM,90816,18.816,True,Client Services
Default_First Name,Male,6/14/2012,2024-02-18 04:19 PM,125792,5.042,Default_Senior Management,Default_Team
John,Male,07-01-1992,10:08 PM,97950,13.873,False,Client Services
Default_First Name,Male,10-08-2012,2024-02-18 01:12 AM,37076,18.576,Default_Senior Management,Client Services
Craig,Male,2/27/2000,07:45 AM,37598,7.757,True,Marketing
Scott,Default_Gender,07-11-1991,06:58 PM,122367,5.218,False,Legal
Terry,Male,11/27/1981,06:30 PM,124008,13.464,True,Client Services
Benjamin,Male,1/26/2005,10:06 PM,79529,7.008,True,Legal
Christina,Female,08-06-2002,01:19 PM,118780,9.096,True,Engineering
Joyce,Default_Gender,2/20/2005,02:40 PM,88657,12.752,False,Product
Default_First Name,Male,8/21/1998,2024-02-18 02:27 PM,122340,6.417,Default_Senior Management,Default_Team
Jean,Female,12/18/1993,09:07 AM,119082,16.18,False,Business Development
Jerry,Male,01-10-2004,12:56 PM,95734,19.096,False,Client Services
Theresa,Female,10-10-2006,01:12 AM,85182,16.675,False,Sales
Rachel,Female,2/16/2009,08:47 PM,142032,12.599,False,Business Development
Linda,Female,10/19/1981,08:49 PM,57427,9.557,True,Client Services
Stephanie,Female,9/13/1986,01:52 AM,36844,5.574,True,Business Development
Default_First Name,Male,1/29/2016,2024-02-18 02:33 AM,122173,7.797,Default_Senior Management,Client Services
Michael,Male,10-10-2008,11:25 AM,99283,2.665,True,Distribution
Christine,Default_Gender,6/28/2015,01:08 AM,66582,11.308,True,Business Development
Beverly,Female,09-09-1998,08:26 PM,121918,15.835,False,Legal
Marilyn,Female,12-07-1980,03:16 AM,73524,5.207,True,Marketing
Cynthia,Female,11/16/1988,06:54 PM,145146,7.482,True,Product
Roger,Male,4/17/1980,11:32 AM,88010,13.886,True,Sales
Bruce,Male,11/28/2009,10:47 PM,114796,6.796,False,Finance
Kathy,Female,6/22/2005,04:51 AM,66820,9.0,True,Client Services
Clarence,Male,3/26/1996,05:57 AM,93581,6.083,True,Business Development
Chris,Default_Gender,1/24/1980,12:13 PM,113590,3.055,False,Sales
Nancy,Female,9/23/2000,08:05 AM,94976,13.83,True,Engineering
Default_First Name,Default_Gender,12/17/2011,2024-02-18 08:29 AM,41126,14.009,Default_Senior Management,Sales
Todd,Male,2/18/1990,02:41 AM,49339,1.695,True,Human Resources
Alan,Default_Gender,03-03-2014,01:28 PM,40341,17.578,True,Finance
Sara,Female,8/15/2007,09:23 AM,83677,8.999,False,Engineering
Karen,Female,11/30/1999,07:46 AM,102488,17.653,True,Product
Carl,Male,05-03-2006,05:55 PM,130276,16.084,True,Finance
Henry,Male,6/26/1996,01:44 AM,64715,15.107,True,Human Resources
Theresa,Female,04-11-2010,07:18 AM,72670,1.481,True,Engineering
Irene,Female,05-07-1997,09:32 AM,66851,11.279,False,Engineering
Paula,Default_Gender,11/23/2005,02:01 PM,48866,4.271,False,Distribution
Denise,Female,11-06-2001,12:03 PM,106862,3.699,False,Business Development
Default_First Name,Female,06-12-2007,2024-02-18 05:25 PM,58112,19.414,Default_Senior Management,Marketing
Matthew,Male,01-02-2013,10:33 PM,35203,18.04,False,Human Resources
Kathleen,Default_Gender,04-11-1990,06:46 PM,77834,18.771,False,Business Development
Steve,Male,11-11-2009,11:44 PM,61310,12.428,True,Distribution
Nancy,Female,12/15/2012,11:57 PM,125250,2.672,True,Business Development
Rachel,Female,8/16/1999,06:53 AM,51178,9.735,True,Finance
Jose,Male,10/30/2004,01:39 PM,84834,14.33,True,Finance
Irene,Default_Gender,7/14/2015,04:31 PM,100863,4.382,True,Finance
Todd,Default_Gender,06-10-2003,02:26 PM,84692,6.617,False,Client Services
Johnny,Male,11-06-2009,04:23 PM,118172,16.194,True,Sales
Bobby,Male,05-07-2007,10:01 AM,54043,3.833,False,Product
Frances,Female,04-04-1999,04:19 PM,90582,4.709,True,Sales
Thomas,Male,06-04-1995,02:24 PM,62096,17.029,False,Marketing
Bonnie,Female,07-02-1991,01:27 AM,104897,5.118,True,Human Resources
Margaret,Female,09-10-1988,12:42 PM,131604,7.353,True,Distribution
Charles,Male,9/14/2004,08:13 PM,107391,1.26,True,Marketing
Robin,Female,06-04-1983,03:15 PM,114797,5.965,True,Sales
Bonnie,Female,11/13/1988,03:30 PM,115814,4.99,False,Product
Gerald,Default_Gender,3/17/1995,12:50 AM,137126,15.602,True,Sales
Christopher,Male,3/30/2008,10:52 AM,47369,14.822,False,Legal
Steven,Male,3/30/1980,09:20 PM,35095,8.379,True,Client Services
Shawn,Male,9/23/2005,02:55 AM,148115,6.539,True,Finance
Doris,Female,8/20/2004,05:51 AM,83072,7.511,False,Finance
Jeremy,Male,02-01-2008,08:50 AM,100238,3.887,True,Client Services
Annie,Default_Gender,9/29/2007,12:11 AM,103495,17.29,True,Business Development
Annie,Female,1/30/1993,02:05 AM,144887,8.276,True,Sales
Donna,Female,11/27/1991,01:59 PM,64088,6.155,True,Legal
Janice,Female,03-12-2016,12:40 AM,51082,11.955,False,Legal
Janice,Default_Gender,8/21/1997,05:12 AM,91719,11.583,True,Legal
James,Default_Gender,1/26/2005,11:00 PM,128771,8.309,False,Default_Team
Linda,Female,5/25/2000,05:45 PM,119009,12.506,True,Business Development
Virginia,Default_Gender,05-07-1994,05:58 PM,111858,1.601,True,Legal
Harry,Male,8/26/1981,03:16 PM,130620,7.03,False,Legal
Heather,Female,07-11-1998,02:17 PM,43026,14.166,False,Client Services
Cynthia,Female,3/21/1994,08:34 AM,142321,1.737,False,Finance
Laura,Default_Gender,7/19/2014,09:23 PM,140371,10.62,True,Marketing
Tina,Female,6/16/2016,07:47 PM,100705,16.961,True,Marketing
Harold,Male,01-02-1985,09:40 PM,77544,12.447,False,Business Development
Melissa,Female,6/21/2005,06:33 AM,48109,14.995,False,Finance
Aaron,Male,2/17/2012,10:20 AM,61602,11.849,True,Marketing
Jack,Male,01-12-1997,05:51 AM,103902,12.159,False,Client Services
Phyllis,Female,10-11-1996,09:30 PM,136984,8.932,True,Finance
John,Male,12/23/1989,07:01 AM,80740,19.305,False,Marketing
Kathy,Female,03-09-1996,04:33 AM,91712,8.567,False,Finance
Paul,Male,08-04-1993,07:25 PM,42146,3.046,False,Legal
Steven,Male,4/23/2013,10:12 PM,68680,16.565,False,Legal
Russell,Default_Gender,05-05-1988,07:57 AM,133980,12.396,True,Legal
Christopher,Male,4/22/2000,10:15 AM,37919,11.449,False,Default_Team
Shirley,Female,6/20/2001,10:39 PM,147113,16.135,False,Legal
Bonnie,Female,12/17/1999,03:12 PM,42153,8.454,True,Business Development
Willie,Male,11/27/2003,06:21 AM,64363,4.023,False,Marketing
Tina,Female,06-12-2009,07:16 AM,114767,3.711,True,Engineering
Ashley,Female,08-04-2002,11:00 AM,58698,6.811,True,Business Development
Pamela,Female,07-01-1982,06:51 AM,54585,4.166,False,Product
Default_First Name,Male,6/22/1991,2024-02-18 08:58 PM,76189,18.988,Default_Senior Management,Legal
Steven,Male,03-01-1995,03:03 PM,109095,9.494,False,Finance
Andrea,Female,01-12-2012,05:43 AM,120204,9.557,False,Business Development
Paul,Male,06-03-2008,03:05 PM,41054,12.299,False,Marketing
Peter,Male,11/17/1994,06:15 PM,84885,15.402,False,Business Development
Kathleen,Default_Gender,05-09-2016,08:55 AM,119735,18.74,False,Product
Christina,Female,4/13/2012,02:04 PM,110169,13.892,True,Engineering
Helen,Female,11/29/2001,02:30 AM,73789,14.841,True,Product
Marilyn,Female,11/16/1983,08:29 AM,76078,2.401,True,Product
Patricia,Female,09-01-2003,06:46 AM,49368,14.226,False,Human Resources
Michelle,Female,3/30/1984,06:43 PM,57325,17.179,True,Human Resources
William,Male,9/29/2002,04:09 PM,66521,5.83,False,Human Resources
Kenneth,Male,8/25/1987,09:16 PM,127654,16.439,True,Client Services
Antonio,Male,10/25/1988,01:50 PM,60866,13.101,True,Business Development
Shirley,Female,05-01-1984,01:15 PM,41334,6.219,True,Human Resources
Rebecca,Female,07-10-1992,12:23 AM,94231,17.517,False,Product
Carlos,Male,01-04-1995,07:02 AM,146670,10.763,False,Human Resources
Lois,Female,12/25/1987,04:16 PM,106317,2.235,True,Client Services
Carolyn,Female,04-09-2011,05:38 AM,109260,2.65,True,Business Development
Gloria,Female,6/29/2007,05:34 AM,134148,8.833,True,Legal
Henry,Male,4/24/1995,04:18 AM,43542,19.687,False,Legal
Adam,Male,5/21/2011,01:45 AM,95327,15.12,False,Distribution
Ashley,Female,5/25/2006,11:30 AM,112238,6.03,True,Engineering
Default_First Name,Female,10-03-1990,2024-02-18 01:08 AM,132373,10.527,Default_Senior Management,Default_Team
Shirley,Female,2/28/1981,01:23 PM,113850,1.854,False,Marketing
Adam,Male,12/24/1990,08:57 PM,110194,14.727,True,Product
Elizabeth,Female,10-09-2003,05:53 PM,146129,5.687,False,Finance
Teresa,Default_Gender,1/28/2016,10:55 AM,140013,8.689,True,Engineering
Nicole,Default_Gender,03-05-1982,02:28 PM,122717,12.452,False,Sales
Jennifer,Female,04-04-2009,10:47 PM,71715,13.079,True,Client Services
Patricia,Female,11/25/1992,02:24 AM,95322,4.15,False,Product
Philip,Male,7/17/2008,01:30 PM,89227,3.996,False,Legal
Patrick,Default_Gender,7/14/1991,02:24 AM,124488,14.837,True,Sales
Default_First Name,Female,8/17/2014,2024-02-18 02:00 PM,86230,8.578,Default_Senior Management,Distribution
Sean,Male,05-04-1996,08:59 PM,135490,19.934,False,Marketing
Brandon,Default_Gender,11-03-1997,08:17 PM,121333,15.295,False,Business Development
Ruth,Female,8/19/1999,04:03 AM,129297,8.067,True,Client Services
Victor,Default_Gender,03-10-2011,08:40 PM,84546,10.489,True,Finance
Rebecca,Female,11/15/1980,04:13 AM,85730,5.359,True,Product
Marie,Female,3/16/2003,12:12 AM,104058,17.695,True,Business Development
Howard,Male,4/27/1992,01:10 AM,105062,1.563,False,Human Resources
Default_First Name,Female,7/27/2005,2024-02-18 08:32 AM,79536,14.443,Default_Senior Management,Product
Norma,Female,2/28/1999,08:45 PM,114412,8.756,True,Marketing
James,Default_Gender,11/22/1983,10:52 PM,68501,14.316,False,Marketing
Kathy,Female,3/18/2000,07:26 PM,149563,16.991,True,Finance
Marilyn,Default_Gender,8/22/1999,09:09 AM,103386,11.451,False,Distribution
Arthur,Male,4/13/1998,11:28 AM,89786,14.422,True,Legal
Terry,Male,09-03-1990,09:15 PM,52226,19.135,False,Client Services
Mary,Female,8/13/1999,01:03 AM,134645,18.197,False,Business Development
Default_First Name,Female,3/23/2014,2024-02-18 01:28 PM,59148,9.061,Default_Senior Management,Legal
Default_First Name,Female,07-09-1991,2024-02-18 06:52 PM,42341,7.014,Default_Senior Management,Sales
Christopher,Male,12/24/2011,12:22 PM,142178,17.984,True,Sales
Peter,Default_Gender,09-03-1987,05:59 PM,38989,7.017,True,Marketing
Michelle,Female,11-04-1996,09:34 PM,53754,5.455,True,Product
Irene,Female,1/29/1992,11:36 AM,133772,19.02,True,Sales
Patrick,Male,8/17/2007,03:16 AM,143499,17.495,True,Engineering
Sara,Female,9/23/1991,06:17 PM,97058,9.402,False,Finance
Lillian,Female,12/21/2008,06:51 PM,85446,3.959,True,Engineering
Default_First Name,Default_Gender,9/18/2007,2024-02-18 06:59 PM,40297,6.185,Default_Senior Management,Client Services
Willie,Male,2/17/1998,08:20 PM,146651,1.451,True,Engineering
Victor,Male,01-08-2003,01:02 PM,124486,10.166,False,Product
Wayne,Male,04-07-2012,08:00 AM,102652,14.085,True,Distribution
Jane,Female,09-03-1997,02:01 AM,144474,17.648,False,Product
Jessica,Female,10/23/1995,05:53 AM,68759,19.343,True,Finance
Mark,Male,04-12-2008,05:40 PM,57286,5.025,True,Business Development
Randy,Male,11/14/1999,12:12 PM,58129,1.952,True,Distribution
Lillian,Female,6/19/1999,04:44 PM,123940,12.184,True,Business Development
Ruth,Default_Gender,5/18/1999,05:56 AM,98233,2.518,True,Distribution
Jerry,Male,12/18/2003,06:46 AM,140810,9.177,True,Client Services
Sandra,Female,1/19/1983,07:25 AM,42090,8.842,True,Legal
Default_First Name,Female,2/23/2005,2024-02-18 09:50 PM,149654,1.825,Default_Senior Management,Sales
Roger,Male,11/19/2004,03:55 PM,51430,6.46,False,Marketing
Charles,Male,10/14/2000,09:40 PM,71749,15.931,False,Legal
Clarence,Male,05-02-1998,03:16 AM,85700,1.215,False,Sales
Carol,Female,3/19/1996,03:39 AM,57783,9.129,False,Finance
Lois,Female,10/18/2013,04:51 PM,36946,6.652,False,Engineering
Barbara,Default_Gender,05-03-2003,07:32 PM,99326,16.475,True,Legal
Rebecca,Female,2/18/1995,06:50 AM,109259,4.443,True,Legal
Irene,Female,1/30/2004,08:25 PM,131038,8.996,False,Distribution
Ronald,Male,4/30/2014,02:19 PM,121068,12.757,True,Product
Steven,Male,11-10-1985,10:53 AM,62719,19.127,False,Client Services
Carolyn,Female,11-06-2012,03:51 AM,69268,3.031,False,Client Services
Maria,Female,12/27/1990,09:57 PM,36067,9.64,True,Product
Jonathan,Male,7/17/2009,08:15 AM,130581,16.736,True,Default_Team
Gary,Male,08-12-1987,12:04 AM,89661,8.525,False,Finance
Kimberly,Female,7/15/1997,05:57 AM,36643,7.953,False,Marketing
Roger,Male,11-08-1982,02:32 AM,140558,5.084,True,Sales
Diana,Female,01-04-2013,07:53 AM,103521,2.784,True,Business Development
Willie,Male,06-06-2006,09:45 AM,55281,4.935,True,Marketing
Brandon,Male,3/27/2006,05:54 PM,115711,8.012,True,Finance
Patricia,Female,12-06-2012,04:01 AM,114079,8.399,True,Client Services
Katherine,Female,11/14/1999,08:15 AM,57531,1.767,False,Client Services
Jonathan,Male,10-12-1987,02:59 AM,141069,4.903,False,Human Resources
Emily,Female,9/20/2007,11:25 AM,89434,11.295,False,Engineering
Ruth,Female,08-12-1986,07:29 PM,44639,9.148,True,Legal
Linda,Female,6/24/2006,12:04 PM,110967,19.612,True,Human Resources
Lisa,Female,11-02-2009,09:42 AM,115387,1.821,False,Client Services
Evelyn,Female,5/24/1980,11:10 PM,81673,15.364,True,Engineering
Julie,Female,7/23/1989,01:52 PM,109588,3.55,False,Engineering
Mary,Female,5/30/2009,11:41 PM,92544,3.8,False,Client Services
Matthew,Male,7/31/2013,08:04 AM,142373,2.462,False,Marketing
Douglas,Male,09-03-1999,04:00 PM,83341,1.015,True,Client Services
Gregory,Default_Gender,6/15/1992,05:08 AM,98865,10.628,True,Finance
Billy,Male,3/13/1995,12:05 PM,120444,7.768,True,Finance
Default_First Name,Female,6/17/1991,2024-02-18 12:49 PM,71945,5.56,Default_Senior Management,Marketing
Gregory,Male,1/29/2000,06:01 AM,109564,3.845,False,Legal
Jason,Male,10/17/1999,10:09 PM,78417,3.067,False,Finance
Daniel,Male,4/30/2010,03:48 AM,106947,15.866,True,Legal
Sarah,Female,9/14/1995,07:50 AM,87298,2.311,False,Distribution
Harry,Male,10-01-2015,07:47 PM,64579,15.266,True,Sales
Kathy,Female,4/19/1995,12:46 AM,50905,9.404,True,Finance
Todd,Male,4/13/1999,10:31 AM,59728,11.226,True,Client Services
Bobby,Male,9/23/1994,01:29 AM,51685,17.445,True,Engineering
Jeremy,Male,06-08-2000,12:15 AM,49542,1.679,True,Distribution
George,Default_Gender,2/24/1988,11:29 AM,38375,8.999,False,Legal
Diane,Female,4/18/1993,03:22 AM,64084,17.018,False,Product
Marilyn,Female,04-04-1997,09:28 PM,147663,10.263,False,Human Resources
Kathryn,Female,02-04-2004,01:47 PM,73935,14.752,False,Sales
Irene,Female,02-04-1982,05:26 PM,40837,12.182,True,Client Services
Norma,Female,02-11-2015,11:44 PM,94393,3.643,True,Engineering
Laura,Female,04-02-2006,01:57 PM,42087,2.624,False,Product
Cheryl,Female,9/23/2008,02:57 AM,52080,9.375,False,Legal
Kevin,Male,3/25/1982,07:31 AM,35061,5.128,False,Legal
Lillian,Default_Gender,05-12-2016,03:43 PM,64164,17.612,False,Human Resources
Phyllis,Default_Gender,4/21/1984,07:05 PM,94088,19.107,False,Distribution
Walter,Male,07-06-1983,11:54 PM,127813,5.961,False,Finance
Robert,Male,10/27/1990,07:15 PM,38041,18.428,True,Engineering
Jimmy,Male,10-07-1986,05:53 PM,126310,5.413,True,Product
Clarence,Male,10-08-1996,12:53 PM,142561,8.866,False,Client Services
Victor,Male,04-11-1991,07:44 AM,70817,17.138,False,Engineering
Fred,Default_Gender,12-02-1984,02:03 PM,59937,12.045,True,Human Resources
Brenda,Default_Gender,7/27/2010,11:07 PM,106115,3.742,True,Product
Justin,Male,12-06-1992,05:58 PM,82782,4.366,True,Distribution
Betty,Female,06-12-2002,03:59 AM,104896,19.55,True,Business Development
Randy,Default_Gender,02-06-1986,03:04 PM,133943,8.94,True,Sales
Sharon,Default_Gender,03-01-1990,03:46 AM,83658,6.513,False,Business Development
Ralph,Male,11-11-2004,01:35 AM,71896,4.232,True,Marketing
Default_First Name,Default_Gender,4/28/2003,2024-02-18 03:01 AM,113732,10.391,Default_Senior Management,Sales
Edward,Male,5/27/1985,10:13 PM,110485,7.995,False,Client Services
Denise,Female,3/20/2009,07:57 AM,115118,5.108,False,Human Resources
Debra,Female,3/13/1998,11:16 PM,48696,4.75,False,Legal
Default_First Name,Male,11/25/1999,2024-02-18 06:16 AM,42676,15.517,Default_Senior Management,Sales
Michael,Male,1/24/2002,03:04 AM,43586,12.659,False,Default_Team
Henry,Male,02-06-1995,08:34 AM,89258,15.585,True,Human Resources
Gloria,Female,3/27/2007,01:44 AM,90730,2.491,False,Distribution
Marie,Female,08-06-1995,01:58 PM,100308,13.677,False,Product
Anne,Female,7/16/1986,02:08 PM,69134,3.723,True,Engineering
Sarah,Default_Gender,11/21/1985,01:08 PM,58295,14.603,True,Engineering
Stephanie,Female,3/24/1983,11:15 AM,50141,13.218,True,Human Resources
Roy,Male,9/23/2004,01:31 PM,101941,3.45,False,Client Services
Default_First Name,Female,08-05-2009,2024-02-18 08:14 AM,115145,14.063,Default_Senior Management,Distribution
Default_First Name,Male,02-04-2005,2024-02-18 01:01 PM,40451,16.044,Default_Senior Management,Distribution
Irene,Female,03-03-1982,08:26 AM,56526,5.81,True,Finance
Default_First Name,Female,08-02-1992,2024-02-18 08:35 PM,145316,18.517,Default_Senior Management,Human Resources
Thomas,Male,04-06-2011,01:04 PM,103235,9.554,True,Human Resources
Frank,Default_Gender,11/20/2001,10:18 AM,58563,12.062,True,Marketing
Fred,Male,2/20/1980,02:25 AM,74129,18.225,False,Product
Nicholas,Male,04-12-1994,08:21 PM,74669,1.113,True,Product
Howard,Male,10-05-1982,07:22 AM,97490,5.46,True,Marketing
Debra,Female,2/22/1994,10:25 PM,104250,18.456,True,Business Development
Christine,Female,07-03-1989,04:01 AM,94345,11.996,False,Finance
Brenda,Default_Gender,5/29/1991,06:32 AM,82439,19.062,False,Sales
Betty,Female,6/28/2005,06:03 PM,51613,12.984,False,Distribution
Ruby,Female,11-08-2000,07:35 PM,105946,1.139,False,Business Development
Kevin,Male,07-12-1997,02:07 AM,46080,9.635,False,Business Development
Arthur,Male,01-01-2014,07:46 PM,134610,6.147,True,Human Resources
Carl,Default_Gender,02-07-2014,03:57 AM,125104,12.345,False,Client Services
Todd,Male,03-11-2009,03:43 AM,107281,1.612,True,Engineering
Brenda,Female,10-06-2005,09:33 PM,141521,4.337,False,Client Services
Judy,Female,9/16/1997,12:10 AM,65931,2.304,False,Human Resources
Todd,Male,02-02-1984,10:13 AM,69989,10.985,True,Finance
Lois,Female,11-09-2011,07:06 AM,147183,9.999,True,Client Services
Walter,Default_Gender,12/21/1999,10:33 PM,66757,18.099,False,Distribution
Jessica,Female,9/27/1985,01:35 PM,75145,6.388,True,Legal
Jeremy,Male,6/14/1988,06:20 PM,129460,13.657,True,Default_Team
Tammy,Female,11-11-1984,10:30 AM,132839,17.463,True,Client Services
Anne,Female,03-07-2000,06:45 AM,44537,18.284,True,Client Services
Jesse,Male,10/25/1999,03:35 PM,118733,9.653,False,Marketing
Virginia,Female,10/20/1999,06:23 AM,46905,19.154,False,Distribution
Jesse,Male,03-02-1981,07:26 PM,79582,3.873,False,Legal
Jeremy,Default_Gender,11-10-1996,01:49 PM,55394,3.18,True,Sales
Daniel,Male,9/15/2007,10:16 PM,123811,7.664,True,Human Resources
Patrick,Default_Gender,8/30/2004,11:43 AM,137314,4.542,True,Marketing
Emily,Female,1/13/1988,06:42 AM,36711,19.028,True,Human Resources
Alan,Male,6/26/1988,03:54 AM,111786,3.592,True,Engineering
James,Male,07-11-2015,08:52 PM,72257,13.023,False,Engineering
Adam,Male,07-05-2007,11:59 AM,71276,5.027,True,Human Resources
Joan,Default_Gender,7/25/1980,12:22 PM,38712,3.657,False,Client Services
Jeremy,Male,08-12-1981,12:05 AM,46930,18.702,True,Finance
Margaret,Female,02-06-1993,01:05 PM,125220,3.733,False,Marketing
Mark,Male,04-01-1984,01:21 PM,121477,17.44,True,Business Development
Marilyn,Female,9/26/1981,02:23 AM,86386,2.937,False,Distribution
Cheryl,Female,09-08-2009,10:16 AM,81308,2.196,True,Legal
Benjamin,Male,09-11-1984,06:37 AM,84810,15.794,False,Marketing
Harold,Male,2/20/1990,11:00 PM,66775,2.158,True,Legal
Ernest,Default_Gender,1/18/2002,01:51 AM,72145,13.448,True,Finance
Gerald,Male,4/16/2001,10:09 PM,121604,1.923,True,Sales
Judy,Female,07-01-1991,02:33 AM,109510,13.457,True,Legal
Bobby,Male,3/31/1996,05:40 PM,112117,6.338,False,Default_Team
Bobby,Default_Gender,09-01-1995,02:09 PM,108127,15.858,False,Client Services
Marie,Female,10-03-2013,08:05 PM,123711,10.966,False,Product
Kathy,Female,12/18/2013,03:09 PM,132381,8.34,False,Business Development
Roy,Male,08-06-2006,07:52 AM,148225,1.841,False,Finance
Jacqueline,Female,11/25/1981,03:01 PM,145988,18.243,False,Marketing
Default_First Name,Female,07-08-2008,2024-02-18 11:40 PM,62960,14.356,Default_Senior Management,Sales
Julie,Female,3/23/1986,09:26 AM,56926,7.507,False,Sales
Douglas,Male,01-08-2002,06:42 PM,41428,14.372,False,Product
Linda,Female,12/16/1990,02:20 AM,115658,3.041,True,Sales
Ruby,Female,12-10-1988,08:27 PM,76707,6.031,False,Business Development
Russell,Male,01-02-2005,01:48 AM,60388,17.885,False,Client Services
Jeffrey,Male,6/18/1997,08:01 PM,45150,12.075,True,Product
Aaron,Male,1/29/1994,06:48 PM,58755,5.097,True,Marketing
Samuel,Male,12/19/1991,02:54 AM,76076,5.319,True,Finance
Default_First Name,Male,1/27/2010,2024-02-18 02:57 AM,87760,14.987,Default_Senior Management,Engineering
Randy,Male,3/16/2014,06:24 PM,135119,7.887,False,Client Services
Evelyn,Female,09-03-1983,01:58 PM,36759,17.269,True,Marketing
Fred,Male,2/13/1987,02:15 PM,121723,18.645,True,Product
Shirley,Female,06-08-1986,02:25 AM,110061,7.494,False,Client Services
Todd,Male,5/23/2011,04:14 PM,85074,1.844,False,Client Services
Robert,Male,11/18/2014,05:00 AM,85799,19.93,False,Finance
Mark,Male,1/22/2007,02:37 PM,75150,12.182,True,Legal
Earl,Male,01-05-2000,05:46 PM,91344,4.035,True,Sales
Richard,Male,9/27/2005,01:41 AM,86326,10.717,False,Product
Michael,Male,11/22/1991,12:57 PM,98753,16.443,True,Human Resources
Steven,Male,05-12-2009,02:14 PM,113060,2.846,True,Sales
Carlos,Male,9/19/2007,01:01 AM,77327,11.58,True,Finance
Marie,Female,10/20/2011,10:09 PM,62666,10.247,False,Product
Ronald,Male,2/24/2009,02:09 PM,96633,4.99,True,Engineering
Scott,Male,05-12-2009,04:36 AM,58248,3.914,False,Business Development
Steven,Male,11/21/2006,08:30 AM,83706,6.96,True,Human Resources
James,Male,11/22/1998,03:48 AM,74086,5.778,True,Human Resources
Lori,Female,3/31/1988,10:59 PM,95389,14.223,False,Sales
Philip,Male,08-02-1989,11:21 AM,129968,19.897,False,Finance
Phyllis,Female,11/24/2005,11:57 PM,140347,8.723,False,Sales
Thomas,Default_Gender,8/31/1995,08:31 PM,41549,3.95,False,Sales
Cynthia,Female,12-03-2012,11:03 PM,74287,10.751,False,Sales
Default_First Name,Male,10-09-2011,2024-02-18 09:29 AM,69906,4.844,Default_Senior Management,Engineering
Default_First Name,Male,4/22/1997,2024-02-18 09:36 PM,65078,3.095,Default_Senior Management,Marketing
Elizabeth,Female,11-10-2005,04:56 AM,106406,1.782,True,Legal
Andrea,Female,9/14/2003,10:30 PM,115913,12.121,False,Legal
Judy,Female,02-01-1990,03:32 PM,38092,5.668,False,Distribution
Russell,Male,8/13/2014,03:51 PM,121160,7.843,False,Engineering
Scott,Male,12/17/2011,03:45 AM,90429,4.45,False,Product
Sarah,Female,5/22/1994,07:06 AM,64207,7.824,True,Client Services
Susan,Female,9/25/2004,01:30 AM,80688,18.892,True,Sales
Margaret,Female,05-05-2014,06:01 AM,55044,4.078,False,Sales
Joshua,Male,11-09-2009,06:32 AM,72893,9.555,False,Distribution
Justin,Default_Gender,4/15/2005,08:43 PM,96978,13.865,False,Finance
Juan,Male,4/16/2002,11:09 PM,97364,3.595,False,Product
Gloria,Default_Gender,7/19/1983,01:57 AM,140885,1.113,False,Human Resources
Jennifer,Default_Gender,1/24/1989,08:38 PM,58520,16.231,True,Client Services
Edward,Male,08-04-1989,06:06 AM,66067,10.957,True,Default_Team
Marilyn,Female,12/17/1982,12:10 PM,147183,8.748,False,Business Development
Mary,Female,10/18/2009,06:32 PM,87721,12.484,False,Product
Linda,Female,7/15/2009,10:12 PM,144001,2.194,False,Business Development
Larry,Male,8/27/2003,01:00 PM,91133,5.14,False,Sales
Albert,Male,02-01-1997,04:20 PM,67827,19.717,True,Engineering
Kenneth,Male,4/13/1999,10:28 PM,81839,12.072,False,Sales
Default_First Name,Female,12/31/2006,2024-02-18 11:02 PM,81444,3.171,Default_Senior Management,Distribution
Gregory,Default_Gender,07-09-2011,11:31 PM,137661,4.805,True,Sales
Brandon,Male,10/16/2015,02:44 AM,112548,4.664,False,Engineering
Stephen,Male,04-09-1987,12:47 PM,111249,10.574,True,Human Resources
Russell,Male,10/30/1994,05:46 AM,114334,9.669,False,Product
Default_First Name,Female,9/18/2002,2024-02-18 12:39 PM,118906,4.537,Default_Senior Management,Marketing
Pamela,Default_Gender,7/15/2001,01:33 PM,72979,5.66,False,Sales
Scott,Male,08-03-1996,01:50 AM,64172,10.894,True,Engineering
Default_First Name,Female,4/18/1996,2024-02-18 03:57 PM,107024,12.182,Default_Senior Management,Default_Team
Carlos,Male,7/28/2010,03:08 PM,50167,2.362,False,Product
Jack,Male,12/24/1980,10:58 PM,106995,15.723,False,Product
Debra,Female,1/19/2010,08:48 AM,70492,8.895,False,Client Services
Phyllis,Female,1/15/1995,05:27 AM,125881,16.697,False,Sales
Robert,Male,10/29/1994,04:26 AM,123294,19.894,False,Client Services
Gloria,Female,9/19/1989,07:40 PM,131045,11.312,True,Product
Sharon,Default_Gender,10/28/1984,05:59 PM,97635,10.413,True,Client Services
Barbara,Default_Gender,4/26/2001,12:22 AM,94493,13.443,True,Sales
Marilyn,Female,8/15/1989,09:14 AM,140502,9.989,True,Sales
Ralph,Male,10/27/2010,10:28 AM,106310,4.03,True,Client Services
Harry,Default_Gender,12-05-1996,05:45 AM,46240,6.976,True,Engineering
Robin,Female,01-08-1998,02:12 AM,111163,5.025,True,Product
Kathy,Female,11/25/2001,09:55 PM,93753,7.094,True,Sales
Rose,Female,07-06-2002,03:57 PM,63494,19.385,True,Human Resources
Clarence,Male,1/13/2005,09:00 AM,116693,13.835,True,Distribution
Doris,Female,7/29/1992,06:40 PM,85215,7.425,True,Human Resources
Kathryn,Female,06-09-1988,09:29 AM,86439,7.799,False,Finance
Billy,Default_Gender,3/16/2004,08:21 AM,62913,18.241,True,Marketing
Norma,Female,4/16/1996,05:40 AM,38872,9.302,True,Business Development
Richard,Default_Gender,11/28/1992,05:05 PM,124655,14.272,True,Engineering
Craig,Male,02-08-1984,04:45 AM,113506,19.642,False,Marketing
Sarah,Default_Gender,7/20/1990,10:49 PM,109980,8.86,False,Sales
Sharon,Female,03-09-2014,04:39 PM,91522,7.564,False,Finance
Mary,Female,8/22/2010,08:03 AM,42214,17.538,True,Business Development
Steve,Default_Gender,2/23/2002,03:55 AM,83159,9.55,True,Distribution
Joe,Male,12-05-2010,04:20 PM,144082,1.62,True,Client Services
Jeremy,Male,5/29/1994,06:24 AM,47885,19.276,True,Human Resources
Ernest,Male,8/14/2012,11:25 AM,126232,6.191,True,Sales
Kevin,Male,6/23/1981,08:26 PM,134598,11.699,False,Business Development
Jacqueline,Female,02-11-2007,02:01 AM,66604,14.609,False,Legal
Johnny,Male,9/14/1992,08:21 AM,115194,5.861,True,Marketing
Gary,Male,8/18/2011,08:12 AM,49101,11.9,True,Business Development
Shirley,Default_Gender,11/16/1990,06:01 PM,67811,12.699,False,Finance
Default_First Name,Male,6/29/2008,2024-02-18 05:23 AM,111043,5.966,Default_Senior Management,Distribution
Sarah,Default_Gender,8/31/1981,02:51 PM,37748,9.047,False,Human Resources
Julia,Female,03-02-1982,12:52 PM,36403,2.664,True,Finance
Dorothy,Female,11-05-2013,10:50 PM,140136,3.12,True,Business Development
Justin,Male,5/22/1986,06:30 AM,121508,19.334,True,Finance
Kevin,Male,11/20/1986,06:59 PM,79906,18.021,True,Sales
Victor,Male,9/24/2005,12:04 PM,123144,16.261,True,Product
Deborah,Female,11/25/1980,04:33 AM,46953,17.436,False,Client Services
Matthew,Default_Gender,06-09-2003,07:35 AM,79443,14.637,False,Human Resources
Alice,Female,05-02-1986,01:50 AM,51395,2.378,True,Finance
Todd,Male,3/16/2016,02:45 PM,134408,3.56,True,Human Resources
Frank,Male,01-10-1981,01:30 PM,71853,8.037,True,Sales
Christopher,Male,5/13/1999,10:48 AM,68028,7.869,True,Finance
Rose,Female,5/28/2015,08:40 AM,149903,5.63,False,Human Resources
Andrea,Female,10-01-2010,11:54 AM,79123,19.422,False,Distribution
Charles,Male,12/16/1999,08:28 PM,104014,7.077,False,Legal
Jessica,Default_Gender,03-07-2015,08:45 PM,121160,12.993,False,Client Services
Wanda,Female,7/20/2008,01:44 PM,65362,7.132,True,Legal
Joyce,Female,02-07-1995,07:38 AM,50701,14.227,True,Default_Team
Billy,Male,12-01-2006,03:32 PM,144709,10.069,True,Distribution
Kathryn,Female,8/29/2007,06:10 AM,53061,11.864,True,Finance
Denise,Female,3/18/2001,12:02 AM,36697,11.196,True,Sales
Jason,Male,11/20/1998,02:54 PM,69244,6.22,True,Default_Team
Nicholas,Male,03-01-2013,09:26 PM,101036,2.826,True,Human Resources
Aaron,Male,7/22/1990,02:53 PM,52119,11.343,True,Client Services
Louise,Female,5/13/2003,09:47 AM,46666,1.886,True,Business Development
Julie,Female,4/23/1998,05:52 AM,73437,2.518,True,Finance
Kathy,Female,05-08-1987,06:19 PM,86318,18.492,True,Sales
Default_First Name,Male,5/24/2016,2024-02-18 09:17 PM,76409,7.008,Default_Senior Management,Distribution
Chris,Male,12-12-2006,01:57 AM,71642,1.496,False,Default_Team
Cheryl,Female,8/16/1994,08:33 AM,67150,15.85,True,Marketing
Gregory,Male,5/15/2009,03:52 PM,142208,11.204,True,Engineering
Wayne,Male,1/30/1992,03:01 PM,81183,17.066,False,Client Services
Beverly,Female,11/30/2005,02:57 AM,107163,3.665,True,Human Resources
Willie,Male,8/22/2009,01:03 PM,55038,19.691,False,Legal
Terry,Default_Gender,7/15/2016,12:29 AM,140002,19.49,True,Marketing
Scott,Male,11/17/2012,02:47 PM,146812,1.965,True,Marketing
Annie,Female,12/19/1994,06:19 AM,40119,4.338,True,Human Resources
Default_First Name,Male,2/21/1995,2024-02-18 12:26 AM,136602,10.429,Default_Senior Management,Marketing
Ruth,Female,10/24/2000,04:13 AM,69579,18.029,True,Human Resources
Deborah,Default_Gender,02-03-1983,11:38 PM,101457,6.662,False,Engineering
Patricia,Female,01-09-2015,04:16 AM,121232,16.624,False,Legal
Albert,Male,9/30/2007,05:34 PM,102626,15.843,False,Finance
Charles,Default_Gender,03-01-1987,01:00 PM,137171,5.574,True,Marketing
Tina,Female,1/17/2005,09:11 AM,88276,14.248,False,Legal
Jeremy,Male,08-09-2001,03:56 AM,43354,13.946,False,Marketing
Craig,Male,4/14/1996,09:17 AM,125556,7.996,False,Engineering
Jose,Male,07-11-2002,09:15 AM,59862,3.269,False,Product
Lawrence,Male,5/13/2005,01:25 AM,74640,18.641,False,Marketing
Helen,Female,10/31/1997,02:43 AM,52875,4.188,False,Legal
Walter,Male,08-04-2007,01:59 PM,58789,5.461,False,Sales
Amy,Female,6/19/2002,03:06 AM,122897,8.222,True,Engineering
Janice,Female,6/28/1997,01:48 PM,136032,10.696,True,Marketing
Stephen,Male,05-09-2015,07:07 PM,141958,9.078,True,Legal
Ryan,Male,7/20/1993,10:18 PM,139917,11.466,False,Distribution
Sharon,Female,03-12-2002,06:32 AM,147635,14.693,False,Human Resources
Joshua,Male,07-10-1984,07:22 PM,68230,8.047,False,Client Services
Clarence,Male,8/20/1992,08:23 PM,124365,8.457,False,Business Development
Jonathan,Male,8/15/2002,12:01 AM,104749,11.364,False,Engineering
Stephanie,Female,11/26/1992,12:54 AM,122121,7.937,True,Engineering
Kathy,Female,10/25/1996,12:59 PM,143541,8.461,False,Human Resources
Albert,Male,8/14/2008,05:43 PM,137840,9.705,False,Business Development
Michael,Male,5/22/2011,10:42 AM,73354,18.357,False,Business Development
Richard,Male,07-04-1997,11:47 AM,47647,18.787,True,Default_Team
Amy,Female,3/30/2008,10:54 PM,106249,15.967,False,Sales
Default_First Name,Female,4/27/2013,2024-02-18 06:40 AM,93847,1.085,Default_Senior Management,Business Development
Beverly,Default_Gender,05-03-1995,05:49 AM,104815,3.38,False,Product
Default_First Name,Female,4/26/1992,2024-02-18 08:01 PM,115436,3.099,Default_Senior Management,Human Resources
Joe,Male,4/14/2000,03:14 PM,50645,11.119,False,Marketing
Ashley,Female,8/15/1997,09:48 PM,142415,1.985,True,Finance
Howard,Male,04-09-2012,06:36 AM,37984,2.021,False,Distribution
Cheryl,Female,12-03-2014,09:27 AM,71751,15.918,False,Business Development
Robert,Male,03-11-2007,11:20 AM,135882,19.944,False,Legal
Sharon,Female,07-01-2011,09:50 AM,46007,19.731,True,Client Services
Judith,Female,11/23/2007,01:22 PM,117055,7.461,False,Marketing
Nicholas,Default_Gender,09-09-1989,07:12 PM,58478,6.525,True,Distribution
Jerry,Male,1/30/1995,07:51 PM,121357,18.845,False,Business Development
Craig,Male,11-01-2005,11:31 PM,44857,13.266,False,Finance
Barbara,Female,3/21/2002,08:02 AM,47322,7.25,True,Sales
Eugene,Male,5/24/1984,10:54 AM,81077,2.117,False,Sales
Johnny,Male,2/26/2016,07:39 PM,76394,5.437,True,Marketing
Benjamin,Male,05-05-2013,03:28 PM,114356,7.123,False,Client Services
Diana,Female,6/13/1994,04:21 PM,41831,4.548,False,Business Development
Barbara,Default_Gender,12-10-1980,11:04 PM,90187,14.764,True,Distribution
Christine,Female,02-01-2003,01:11 PM,72613,11.126,False,Legal
Sean,Male,02-11-2013,07:07 PM,42748,9.765,False,Distribution
Sarah,Female,11-03-1980,02:47 PM,37259,1.763,False,Client Services
Roger,Male,08-03-2015,04:56 PM,125033,4.887,True,Marketing
Default_First Name,Female,6/24/2014,2024-02-18 10:05 AM,38275,10.494,Default_Senior Management,Distribution
Default_First Name,Male,4/20/1980,2024-02-18 01:17 PM,71520,13.248,Default_Senior Management,Engineering
Donald,Male,7/14/1995,07:51 AM,106472,6.499,True,Client Services
Clarence,Male,11-03-2015,12:11 AM,103684,18.654,True,Engineering
Scott,Male,11/23/1996,07:36 PM,96111,15.592,False,Human Resources
Ann,Female,11-04-1984,12:17 PM,90719,6.22,False,Business Development
Frank,Male,4/27/2003,12:04 PM,140303,17.07,False,Legal
Joe,Male,07-04-1983,07:32 AM,62161,8.13,True,Business Development
Wanda,Female,04-06-1993,03:11 AM,78883,19.695,False,Default_Team
Jimmy,Male,11/19/2013,07:29 PM,63549,19.624,False,Default_Team
Amy,Default_Gender,12/25/1984,10:52 AM,63888,18.115,True,Product
Larry,Male,01-08-1999,02:05 AM,97370,10.458,False,Sales
Gloria,Female,04-12-1992,08:26 PM,66224,15.979,True,Legal
Ruth,Female,12-12-1996,10:07 AM,97915,3.997,True,Human Resources
Diana,Female,1/19/1995,12:37 AM,86883,18.003,True,Product
Raymond,Male,2/16/2009,10:38 PM,37812,3.178,False,Human Resources
Peter,Male,2/22/2003,09:09 AM,56580,8.411,True,Default_Team
Default_First Name,Default_Gender,9/25/1981,2024-02-18 09:59 AM,83895,17.971,Default_Senior Management,Engineering
Catherine,Female,8/31/2013,07:24 PM,58047,14.858,True,Distribution
Diane,Female,07-05-1982,04:56 PM,124889,15.026,True,Sales
Peter,Default_Gender,10/13/2014,09:33 PM,118840,14.509,True,Client Services
Steve,Male,8/22/1995,06:58 AM,67780,9.54,True,Human Resources
Barbara,Female,3/22/2004,08:11 AM,144677,8.696,False,Finance
Helen,Default_Gender,12-02-1993,01:42 PM,45724,1.022,False,Product
Jimmy,Default_Gender,8/26/1983,02:48 AM,86676,7.175,True,Product
Christopher,Male,4/23/2014,07:52 AM,82401,7.252,False,Client Services
Kathleen,Female,6/13/2014,09:16 AM,35575,14.595,False,Distribution
Virginia,Female,05-02-2010,09:10 PM,123649,10.154,True,Marketing
Lisa,Female,2/26/2005,06:33 PM,38078,10.28,True,Product
Earl,Male,02-11-2014,09:03 PM,52620,13.773,False,Product
Gerald,Default_Gender,01-08-1992,03:50 PM,133366,12.292,False,Legal
Louise,Female,9/18/1981,05:47 AM,91462,8.205,False,Marketing
Clarence,Male,8/26/1982,09:47 AM,146589,4.905,True,Business Development
Cynthia,Female,9/14/1991,01:08 PM,51633,13.472,True,Business Development
Adam,Male,10-08-2010,09:53 PM,45181,3.491,False,Human Resources
Justin,Male,09-06-1999,10:30 AM,62454,3.459,True,Sales
Default_First Name,Female,12-02-2009,2024-02-18 03:30 AM,84746,4.82,Default_Senior Management,Finance
Ruby,Female,05-01-1999,03:36 AM,147362,7.851,True,Engineering
Amanda,Female,08-01-2004,01:32 PM,80803,14.077,True,Distribution
Anna,Female,4/15/2008,02:34 PM,117293,2.366,False,Client Services
Roger,Male,07-03-2010,05:11 PM,105689,13.32,True,Marketing
Julie,Default_Gender,02-04-1999,05:35 PM,93302,9.048,True,Product
Joseph,Male,09-10-1992,06:50 PM,102555,3.672,True,Product
Evelyn,Female,9/22/1998,07:55 PM,51525,10.366,False,Finance
Janice,Female,01-02-1984,09:06 PM,41190,3.311,True,Sales
Sara,Female,2/25/1980,10:50 PM,75484,3.186,False,Finance
Gregory,Male,6/18/1984,03:46 AM,82726,16.304,True,Marketing
Philip,Male,7/18/1985,06:36 AM,122319,19.122,False,Engineering
Barbara,Female,09-02-1991,03:41 PM,127297,11.905,True,Product
Amanda,Female,06-07-2002,07:46 AM,109290,13.853,False,Engineering
Phyllis,Default_Gender,10/25/1985,07:11 AM,99150,6.007,False,Client Services
Anne,Female,10/26/1996,08:09 PM,71930,18.451,True,Product
Arthur,Male,12/16/2014,04:56 PM,66819,6.639,True,Marketing
Jane,Female,06-01-1994,08:39 AM,42424,18.115,False,Distribution
Linda,Female,8/18/1985,04:34 AM,51431,13.295,False,Engineering
Ashley,Female,11/17/1999,09:18 PM,120675,6.51,False,Human Resources
Shawn,Male,12-03-2009,10:24 AM,96610,2.097,True,Client Services
Kathleen,Female,9/20/1996,03:45 PM,71430,8.572,False,Engineering
Sara,Default_Gender,10-07-1983,01:35 PM,87713,18.863,True,Legal
Randy,Male,05-02-2002,07:39 PM,86723,14.842,False,Engineering
Andrew,Male,3/29/1985,06:57 PM,43414,7.563,True,Client Services
Marilyn,Female,08-09-2006,11:24 AM,87145,17.33,False,Human Resources
Johnny,Male,01-08-1995,01:35 PM,91124,12.986,True,Distribution
Default_First Name,Female,04-01-1980,2024-02-18 08:04 PM,48141,12.605,Default_Senior Management,Default_Team
Susan,Female,4/18/1986,09:31 AM,90829,19.142,False,Marketing
Ruby,Female,07-07-1980,03:42 AM,101262,6.773,False,Client Services
Kelly,Female,8/16/1996,03:09 AM,41427,1.431,False,Product
Jonathan,Male,04-06-1995,10:38 PM,56993,18.623,False,Marketing
Raymond,Male,1/13/1996,04:14 PM,114244,16.69,False,Human Resources
Kimberly,Female,12/30/1981,04:51 AM,81800,5.435,True,Default_Team
Default_First Name,Female,1/13/2009,2024-02-18 01:01 PM,118736,7.421,Default_Senior Management,Client Services
John,Male,1/22/1995,12:17 AM,66077,5.809,True,Product
Michael,Male,7/30/1993,05:35 PM,35013,14.879,False,Product
Jerry,Male,05-04-2003,04:29 AM,98393,11.393,False,Client Services
Amanda,Female,3/17/1982,11:46 PM,107111,1.438,True,Product
Harold,Male,10/18/2010,08:45 PM,65673,1.187,True,Legal
Harry,Male,1/27/1985,08:18 PM,65482,18.089,False,Default_Team
Ernest,Male,1/28/1990,12:08 AM,81919,15.118,False,Marketing
Harry,Male,11/19/1982,11:25 AM,59277,10.2,False,Finance
Diane,Female,02-02-1988,06:14 PM,49501,13.506,False,Business Development
Jack,Male,5/30/2012,03:17 AM,70367,18.266,True,Legal
Shirley,Female,4/16/1988,11:09 AM,132156,2.754,False,Marketing
Rose,Female,10/30/2004,04:34 PM,56961,7.585,False,Marketing
Cheryl,Female,7/23/1982,06:28 AM,98841,8.945,True,Client Services
Cynthia,Female,5/23/1980,03:19 AM,78226,2.419,False,Human Resources
Sandra,Female,4/24/1995,07:14 PM,116931,9.657,True,Human Resources
Andrea,Female,10/30/1994,11:23 AM,87575,13.346,True,Business Development
Rachel,Female,4/22/1988,12:01 PM,110924,7.808,False,Distribution
Justin,Male,5/24/1981,11:15 PM,78351,15.221,False,Sales
Marie,Female,11/23/2000,05:06 AM,125574,4.644,False,Sales
Louis,Male,4/15/2011,05:02 AM,95198,2.075,False,Business Development
Nancy,Female,05-07-1985,10:20 PM,121006,3.512,True,Finance
Mark,Male,10-03-1984,05:31 AM,95728,6.752,True,Business Development
Teresa,Female,6/24/1987,07:37 PM,69740,8.294,False,Distribution
Frances,Female,7/21/2001,02:34 AM,91996,11.506,False,Product
Default_First Name,Female,10-11-1990,2024-02-18 10:57 PM,98385,10.925,Default_Senior Management,Human Resources
Barbara,Default_Gender,12/20/1994,10:09 AM,90556,15.749,True,Distribution
Christine,Default_Gender,6/15/1980,06:00 PM,50366,9.862,True,Marketing
Bobby,Default_Gender,7/21/2003,03:50 PM,84232,15.704,True,Engineering
Carl,Default_Gender,10/26/1991,08:11 AM,100888,12.49,True,Business Development
Bruce,Male,3/15/2013,11:13 PM,141335,15.427,True,Engineering
Rose,Female,5/20/1982,09:14 AM,97691,2.142,False,Client Services
Mildred,Female,2/21/1981,03:30 AM,47266,10.256,False,Client Services
Default_First Name,Male,10/13/1983,2024-02-18 11:59 PM,139754,12.74,Default_Senior Management,Sales
Default_First Name,Female,10/24/1993,2024-02-18 05:17 PM,116236,17.274,Default_Senior Management,Engineering
Todd,Male,2/16/2010,11:29 AM,103405,15.91,False,Sales
Alan,Male,2/17/2012,12:26 AM,41453,10.084,False,Product
Elizabeth,Default_Gender,2/16/1981,03:58 AM,52730,12.525,False,Marketing
Julie,Default_Gender,10/21/2000,01:15 AM,60361,7.099,True,Distribution
Teresa,Default_Gender,01-03-1992,03:47 PM,63103,11.378,False,Finance
Eric,Male,11-12-2004,09:16 PM,65168,11.513,False,Distribution
Edward,Male,8/30/2001,01:24 AM,73105,6.083,True,Engineering
Kimberly,Female,12-06-1986,02:23 PM,37916,12.929,True,Distribution
Kathy,Female,1/14/2001,05:11 AM,45682,1.451,True,Marketing
Peter,Male,11/24/1992,05:43 PM,69297,1.268,False,Finance
Beverly,Female,10/22/1990,02:45 PM,59070,19.064,True,Engineering
Ralph,Male,03-07-2012,02:25 AM,81215,8.4,False,Finance
Justin,Male,08-10-1997,11:00 PM,128036,18.824,False,Client Services
Irene,Female,6/23/2005,11:03 AM,89780,8.999,True,Sales
Irene,Female,11/29/2006,02:14 PM,125018,9.601,True,Legal
Jeremy,Male,11/26/1997,08:22 AM,133033,12.2,False,Sales
Cynthia,Female,6/29/2015,06:38 AM,82408,8.701,True,Marketing
Default_First Name,Female,4/13/1997,2024-02-18 08:03 AM,131755,2.93,Default_Senior Management,Default_Team
Anne,Female,11/21/1984,12:30 PM,128305,16.636,False,Marketing
Default_First Name,Default_Gender,09-02-1988,2024-02-18 12:49 PM,147309,1.702,Default_Senior Management,Distribution
Debra,Female,03-12-1983,12:19 PM,74911,19.513,False,Marketing
Michael,Male,7/13/1988,01:48 PM,47079,2.617,False,Legal
Jason,Default_Gender,03-06-2008,01:20 AM,82873,1.869,False,Client Services
Rebecca,Female,2/23/1990,03:21 PM,134673,6.878,False,Engineering
Andrea,Female,11/17/2011,02:37 PM,123591,6.5,True,Engineering
Carl,Male,3/30/1987,05:59 PM,75598,19.289,False,Default_Team
Randy,Male,9/27/2000,03:04 AM,89831,13.047,True,Default_Team
Marilyn,Female,07-02-1984,04:06 PM,92430,2.924,False,Engineering
Wayne,Male,09-02-2009,01:37 AM,126956,18.396,False,Human Resources
Frances,Female,11-12-1996,06:08 PM,112467,1.433,False,Business Development
Amanda,Default_Gender,08-11-1991,02:15 PM,46665,19.391,True,Client Services
Kathleen,Female,8/28/2004,10:49 AM,42553,3.756,True,Distribution
Amanda,Female,1/25/1995,05:06 AM,102081,5.203,False,Sales
Amanda,Default_Gender,3/16/2010,09:17 AM,135118,15.108,False,Finance
Shawn,Male,9/29/1987,10:11 PM,71975,9.77,False,Human Resources
Katherine,Female,8/13/1996,12:21 AM,149908,18.912,False,Finance
Anna,Default_Gender,3/13/1985,09:19 AM,45418,10.162,False,Marketing
Elizabeth,Female,2/21/2010,07:02 AM,79145,19.78,False,Finance
Donald,Male,04-06-1988,10:00 AM,122920,5.32,False,Default_Team
Gregory,Male,11/15/1999,05:22 PM,128031,15.857,True,Business Development
Ruth,Female,2/17/2004,05:38 AM,59969,14.064,True,Finance
Cynthia,Female,07-05-1986,01:24 AM,35381,11.749,False,Finance
Deborah,Female,11/21/1985,01:40 PM,113129,17.371,False,Client Services
Willie,Male,12-05-2009,05:39 AM,141932,1.017,True,Engineering
Debra,Female,5/28/2006,06:51 AM,42296,16.922,False,Product
Carl,Male,12/14/1984,08:49 PM,63395,11.411,False,Legal
Walter,Male,9/24/2007,11:16 PM,125382,13.613,True,Client Services
Lisa,Female,02-09-1982,06:44 PM,113592,17.108,True,Marketing
Rebecca,Female,03-05-2000,10:33 AM,46750,11.367,True,Sales
Jessica,Female,10/19/1986,09:58 PM,90285,13.591,True,Client Services
Steve,Default_Gender,8/27/2009,03:41 PM,53692,4.785,True,Marketing
Mary,Default_Gender,12/24/1986,07:02 PM,100341,6.662,False,Distribution
Craig,Male,8/21/1995,02:38 AM,123876,4.225,False,Engineering
Katherine,Female,12/19/2000,01:40 AM,41643,4.659,True,Distribution
Andrea,Female,8/31/1989,11:10 PM,113760,12.866,True,Distribution
Timothy,Male,10-06-2010,10:49 PM,49473,12.463,False,Legal
Anthony,Male,2/13/2013,01:35 PM,146141,3.645,True,Distribution
Harold,Default_Gender,02-04-2004,11:02 AM,79459,7.776,True,Business Development
Douglas,Default_Gender,02-04-2009,02:03 AM,104496,14.771,True,Marketing
James,Male,12-05-2001,07:06 AM,67789,17.105,True,Legal
Joseph,Default_Gender,3/28/1982,01:05 PM,86564,11.879,True,Default_Team
Martha,Female,9/14/2001,03:22 AM,135758,14.782,True,Client Services
Laura,Female,07-12-2000,06:07 PM,84672,3.96,False,Distribution
Robert,Male,11-05-1982,12:41 PM,111580,10.982,False,Human Resources
Ralph,Male,3/24/1996,11:54 AM,50455,16.248,False,Business Development
Default_First Name,Male,8/28/2012,2024-02-18 07:56 PM,88733,1.932,Default_Senior Management,Human Resources
Diane,Female,10/30/2009,06:56 PM,130577,12.791,False,Marketing
Annie,Female,06-06-1992,10:04 AM,138925,9.801,True,Marketing
Jacqueline,Female,9/20/1994,06:07 PM,62371,15.77,True,Client Services
Brenda,Female,4/17/1984,07:12 AM,87715,2.675,False,Product
Lori,Female,09-11-2002,07:36 AM,66029,3.345,True,Client Services
Albert,Male,6/17/1992,03:25 AM,86818,14.301,True,Engineering
Frank,Male,11/23/2002,06:10 PM,75147,17.398,False,Product
Deborah,Female,4/23/2000,06:55 PM,105573,5.268,True,Product
Robin,Default_Gender,12/20/2005,02:42 PM,41230,6.611,True,Distribution
Alice,Female,1/21/2016,05:07 PM,117787,10.485,False,Default_Team
Default_First Name,Male,10/20/1989,2024-02-18 09:37 AM,88086,19.387,Default_Senior Management,Finance
Paul,Default_Gender,2/18/2011,12:23 PM,91462,18.704,False,Finance
Default_First Name,Male,12/27/1996,2024-02-18 07:07 AM,139959,8.992,Default_Senior Management,Distribution
Brian,Male,04-07-2007,10:47 PM,93901,17.821,True,Legal
Julie,Default_Gender,05-08-1980,06:31 AM,50529,17.263,False,Finance
Bruce,Male,1/28/2007,11:10 PM,134988,13.926,True,Sales
Joan,Female,10-02-2007,02:53 AM,120941,3.694,True,Finance
Harold,Male,5/15/2007,06:37 PM,118753,8.162,False,Sales
Alice,Female,10/16/1995,09:19 PM,92799,2.782,False,Sales
Barbara,Female,11-12-2011,12:35 AM,85718,13.326,False,Client Services
Sarah,Female,04-06-1999,11:17 AM,109517,5.146,False,Human Resources
Samuel,Male,5/25/2012,04:40 PM,85550,11.593,True,Marketing
Default_First Name,Male,5/23/1990,2024-02-18 02:09 AM,136655,9.801,Default_Senior Management,Distribution
Barbara,Default_Gender,08-02-2002,05:13 AM,43312,8.218,True,Legal
Amy,Default_Gender,5/19/1984,11:47 AM,102839,10.385,True,Distribution
Frank,Male,03-02-2009,09:15 PM,78891,7.927,True,Distribution
Robin,Default_Gender,9/16/2005,01:26 AM,93201,11.712,True,Legal
Debra,Female,3/17/2011,01:12 PM,84693,6.976,True,Finance
Brandon,Default_Gender,5/31/2004,03:36 PM,73587,9.769,True,Human Resources
Thomas,Male,09-07-1991,09:51 AM,65251,11.211,False,Distribution
Harry,Male,9/23/2015,01:36 AM,129148,15.193,True,Engineering
Todd,Male,07-04-1993,06:53 PM,128175,18.473,True,Default_Team
Patricia,Female,03-07-1998,01:10 AM,75825,7.839,False,Engineering
Steve,Male,01-11-2002,09:17 PM,51821,1.197,True,Legal
Default_First Name,Male,04-07-1995,2024-02-18 04:32 AM,60411,12.048,Default_Senior Management,Human Resources
Edward,Male,11/27/1997,01:00 AM,58327,17.095,True,Finance
Karen,Female,01-09-2014,10:09 PM,46478,16.552,False,Engineering
Martin,Default_Gender,02-06-2001,04:17 AM,123963,15.745,True,Engineering
Ann,Female,9/28/1994,05:44 AM,79796,9.851,False,Distribution
Jonathan,Male,7/30/1984,06:02 PM,83809,12.922,False,Distribution
Peter,Male,3/22/1982,07:28 AM,77933,13.132,True,Engineering
Eric,Male,6/15/1993,03:56 AM,51070,13.806,True,Business Development
Jason,Default_Gender,4/15/1988,08:16 PM,97480,11.518,False,Human Resources
Terry,Male,10/21/2010,11:18 PM,58357,7.969,False,Engineering
John,Male,1/29/1999,03:07 AM,67165,13.001,False,Engineering
Marie,Female,04-08-1983,02:01 PM,145988,18.685,True,Human Resources
Harold,Male,4/16/2010,05:13 AM,147417,11.626,True,Business Development
Joshua,Male,6/27/1997,03:23 PM,95003,5.197,True,Marketing
Brandon,Default_Gender,09-05-1992,02:32 AM,144187,11.416,True,Legal
Andrea,Female,12-10-2001,06:40 AM,37888,13.47,False,Engineering
Jeremy,Male,5/19/1991,01:40 PM,131513,1.876,True,Finance
Daniel,Male,2/29/2016,04:04 AM,77287,13.0,True,Default_Team
Roy,Male,05-10-2004,01:22 PM,46875,12.942,True,Sales
Dorothy,Female,10-08-2008,12:22 AM,82744,19.111,True,Client Services
Steven,Male,09-07-1986,12:32 AM,43252,18.892,False,Client Services
Nicole,Female,4/26/2009,12:40 AM,66047,18.674,True,Marketing
Ann,Female,7/16/2001,09:27 AM,118431,12.772,True,Finance
Henry,Male,05-12-1986,02:04 AM,59943,1.432,False,Finance
Default_First Name,Male,6/17/2009,2024-02-18 01:00 PM,136681,3.655,Default_Senior Management,Business Development
Default_First Name,Female,12/18/1994,2024-02-18 08:42 PM,138807,1.4,Default_Senior Management,Human Resources
Barbara,Female,11/26/2002,05:32 AM,82884,6.837,True,Business Development
Judy,Female,04-05-2011,01:44 AM,48668,11.716,True,Product
Lawrence,Male,7/23/2011,03:41 AM,122971,14.618,False,Product
Joseph,Male,10-10-2010,11:12 PM,107050,12.737,False,Business Development
Carlos,Male,1/25/1981,10:00 AM,138598,14.737,False,Sales
Russell,Default_Gender,05-09-2009,11:59 AM,149456,3.533,False,Marketing
Jane,Female,07-10-1999,07:02 PM,128540,15.941,False,Legal
Martin,Male,2/25/2016,06:29 PM,61117,2.844,False,Client Services
Steven,Male,5/30/1980,08:25 PM,100949,13.813,True,Human Resources
Judy,Default_Gender,7/15/2011,03:38 PM,46829,5.19,True,Finance
James,Male,2/16/2008,02:49 AM,69111,14.625,True,Business Development
Gloria,Female,8/19/2004,10:31 AM,46602,1.027,True,Business Development
Ernest,Male,6/30/2001,01:46 PM,61181,16.559,False,Business Development
Martha,Female,7/17/1997,11:11 PM,94963,19.626,True,Business Development
Janet,Default_Gender,1/25/1986,05:48 AM,85789,9.712,False,Legal
Louis,Default_Gender,02-05-1983,06:39 PM,145274,16.379,False,Product
Tina,Female,08-06-1999,03:18 AM,102841,3.369,False,Client Services
Henry,Male,2/23/2007,03:24 AM,49665,18.338,False,Business Development
Antonio,Male,06-06-1999,10:54 PM,41928,5.478,True,Default_Team
Lisa,Female,04-11-2007,01:04 AM,128042,2.03,True,Legal
Denise,Female,2/19/1984,06:22 AM,86150,3.997,False,Client Services
Stephen,Male,10/21/1984,06:26 AM,121816,10.615,True,Distribution
Benjamin,Male,04-12-1988,11:32 PM,123409,7.783,False,Product
Carl,Default_Gender,8/18/2007,08:01 AM,98295,7.617,True,Legal
Ruth,Female,09-02-1980,06:52 AM,59678,10.895,False,Distribution
Shawn,Male,12/29/2006,03:05 AM,57871,4.02,True,Human Resources
Jennifer,Female,3/31/2015,07:43 PM,132084,10.006,True,Engineering
Terry,Male,11-10-2004,04:33 AM,35633,3.947,True,Distribution
Jacqueline,Female,7/27/2008,12:08 PM,125298,3.019,True,Legal
Roger,Male,05-02-1988,10:04 PM,115582,15.343,True,Sales
Alice,Default_Gender,4/23/1995,06:35 AM,148339,11.479,True,Finance
Justin,Male,7/25/1991,12:45 AM,112975,9.699,False,Human Resources
Janet,Female,07-12-2008,12:10 PM,36927,18.769,False,Client Services
Robin,Female,3/26/2004,05:41 PM,70248,9.66,True,Sales
Samuel,Default_Gender,10-07-2002,03:08 AM,141305,9.849,True,Marketing
Katherine,Female,9/22/2006,08:08 PM,72002,13.178,True,Product
Peter,Male,5/22/1991,01:39 AM,102577,12.026,True,Product
Lillian,Female,8/14/2009,05:41 AM,113554,18.018,True,Business Development
Default_First Name,Male,10/24/1986,2024-02-18 09:23 AM,47176,10.736,Default_Senior Management,Finance
Default_First Name,Female,6/18/2000,2024-02-18 07:36 AM,106428,10.867,Default_Senior Management,Default_Team
Rose,Female,11-03-1999,09:06 AM,75181,6.06,True,Finance
Bobby,Male,9/30/2004,10:52 PM,79047,18.784,False,Human Resources
Kimberly,Female,4/20/1986,03:55 PM,52970,4.513,False,Sales
Antonio,Male,12/28/2003,04:17 AM,137979,5.266,False,Distribution
Doris,Female,09-08-1984,07:03 PM,114360,17.799,True,Business Development
Steven,Male,07-05-2009,04:55 AM,110306,16.843,True,Human Resources
Lawrence,Male,07-03-1995,10:55 PM,46378,9.127,False,Default_Team
Default_First Name,Male,05-06-1986,2024-02-18 04:41 PM,74104,17.68,Default_Senior Management,Client Services
Default_First Name,Default_Gender,4/15/1991,2024-02-18 03:39 AM,132505,13.592,Default_Senior Management,Product
Stephanie,Female,9/14/1982,08:14 AM,96649,3.453,False,Sales
Default_First Name,Female,7/24/1982,2024-02-18 12:00 AM,57811,8.941,Default_Senior Management,Marketing
Sandra,Female,09-07-1989,04:17 PM,111468,2.58,True,Product
Kevin,Male,07-01-2005,03:22 PM,141498,4.135,True,Sales
Michelle,Default_Gender,3/31/2012,06:28 AM,124441,16.353,False,Business Development
Lisa,Female,07-08-2000,09:19 PM,40121,6.293,False,Product
Fred,Male,03-03-1989,02:27 AM,129712,11.058,False,Finance
Joseph,Male,11-04-1982,09:46 PM,126010,19.601,False,Legal
Anne,Default_Gender,4/18/1996,11:57 PM,122762,9.564,False,Distribution
Andrea,Female,7/22/1999,09:25 AM,149105,13.707,True,Distribution
Nicole,Female,03-01-2004,05:17 PM,44021,10.286,False,Default_Team
Theresa,Default_Gender,10-07-1995,10:16 AM,42025,3.319,True,Human Resources
Catherine,Female,8/31/1986,06:20 PM,59970,12.801,False,Client Services
Rose,Female,12/31/1982,06:50 PM,145001,19.85,False,Engineering
Lawrence,Male,10-01-1984,02:06 PM,102589,17.952,True,Marketing
Raymond,Male,12-12-1986,12:18 PM,47529,2.712,True,Product
Clarence,Male,08-05-1989,06:11 PM,148941,11.517,False,Product
Ryan,Male,4/15/1988,05:18 AM,91109,17.499,True,Human Resources
Jane,Female,01-12-1992,01:23 PM,51923,13.623,False,Business Development
Lois,Female,7/28/2012,11:39 AM,53954,19.075,False,Product
Shawn,Male,3/17/2008,02:12 PM,39335,10.664,False,Distribution
Thomas,Male,05-03-1990,09:29 AM,111371,15.081,True,Engineering
Kathryn,Female,1/29/2008,12:29 AM,86676,6.081,False,Sales
Mary,Female,11-06-2011,08:32 AM,115057,2.089,False,Finance
Julie,Female,03-08-1980,05:13 AM,145357,3.459,False,Engineering
George,Male,9/27/1995,05:04 PM,36749,19.754,False,Finance
Ralph,Male,02-10-2000,04:48 PM,89854,7.227,False,Business Development
Judith,Female,09-03-1989,11:16 AM,134048,6.818,True,Marketing
Default_First Name,Male,12/13/1994,2024-02-18 10:34 AM,141311,5.478,Default_Senior Management,Product
Evelyn,Female,02-10-2002,04:44 AM,123621,19.767,True,Marketing
Rachel,Female,6/23/2011,12:52 AM,54941,3.221,True,Distribution
Maria,Default_Gender,1/18/1986,08:36 PM,106562,4.0,False,Human Resources
Kelly,Female,3/17/2007,06:20 PM,39371,4.068,False,Engineering
Ruby,Female,5/31/2008,08:41 PM,83112,4.083,False,Marketing
Ann,Female,10-03-1980,01:08 AM,96941,10.048,True,Distribution
Kenneth,Male,12/14/1985,06:55 AM,47232,17.862,True,Legal
William,Male,11/18/1993,12:27 PM,54058,5.182,True,Human Resources
Default_First Name,Female,12/27/1980,2024-02-18 02:27 AM,80399,12.254,Default_Senior Management,Distribution
Deborah,Female,2/26/2009,10:17 AM,118043,7.266,True,Business Development
Default_First Name,Male,11-12-2009,2024-02-18 02:30 PM,109411,9.494,Default_Senior Management,Engineering
Julia,Female,8/18/2014,03:12 AM,97566,2.147,False,Marketing
Robert,Default_Gender,12-04-2000,01:20 AM,69267,5.89,True,Sales
Default_First Name,Default_Gender,08-01-1988,2024-02-18 01:35 AM,87103,5.665,Default_Senior Management,Default_Team
Jesse,Default_Gender,7/16/2014,02:24 AM,98811,7.487,False,Legal
Cynthia,Female,07-12-2006,08:55 AM,149684,7.864,False,Product
Johnny,Male,1/14/2007,02:54 PM,71383,2.097,True,Human Resources
Michael,Male,8/31/2002,01:20 AM,81206,19.908,True,Distribution
Kenneth,Male,1/15/2015,02:41 PM,69112,7.588,True,Finance
Keith,Male,02-12-2003,03:02 PM,120672,19.467,False,Legal
Gerald,Male,5/28/2010,12:26 PM,96511,9.331,False,Human Resources
Carl,Default_Gender,02-11-1982,07:54 AM,49325,2.071,True,Business Development
Douglas,Male,08-04-2007,05:23 AM,132175,2.28,False,Engineering
Carolyn,Female,3/17/2004,06:38 AM,118037,13.492,False,Finance
Joseph,Male,5/23/1985,10:16 PM,139570,15.804,True,Finance
Billy,Male,04-06-2000,03:14 PM,115280,9.153,False,Distribution
Joyce,Female,7/25/2001,06:04 AM,51065,16.807,False,Human Resources
Lillian,Female,8/26/2002,08:53 AM,103854,4.924,True,Distribution
Ruby,Female,8/13/2006,06:27 PM,48354,19.501,False,Business Development
Sandra,Female,02-07-1998,12:39 PM,132327,19.264,False,Product
Louise,Female,2/26/1982,01:03 AM,106362,8.965,False,Sales
Maria,Default_Gender,6/19/1985,01:48 AM,148857,8.738,False,Legal
Brenda,Female,01-03-1981,06:01 PM,131131,11.682,False,Client Services
Stephen,Male,09-10-1990,10:42 PM,129663,15.574,False,Human Resources
Nicole,Default_Gender,05-02-1981,12:03 PM,41449,4.707,False,Finance
Bobby,Male,06-05-1984,07:40 AM,93368,2.88,True,Product
Ernest,Male,09-06-1997,02:02 PM,53335,9.192,False,Product
Charles,Male,09-03-1997,10:04 AM,148291,6.002,False,Default_Team
Bobby,Male,8/19/1996,01:16 AM,147842,16.158,True,Default_Team
Diana,Female,11/19/2004,08:47 AM,105066,17.343,True,Business Development
Mildred,Female,04-06-2007,10:06 PM,139284,11.39,True,Default_Team
Harry,Male,02-10-1985,07:46 PM,63046,10.411,False,Finance
Phillip,Default_Gender,10/20/2003,11:09 AM,89700,2.277,True,Default_Team
Bonnie,Default_Gender,1/18/2006,06:52 PM,108946,12.211,False,Finance
Marie,Female,12-08-1993,06:28 PM,98406,7.943,True,Product
Sean,Male,4/25/2006,04:51 PM,108581,9.634,False,Human Resources
Robin,Female,10-01-2012,02:44 AM,41808,19.239,False,Business Development
Phillip,Male,10-07-1984,11:05 AM,36837,14.66,False,Marketing
Jerry,Male,3/26/1989,04:15 AM,140850,18.855,False,Finance
Ronald,Male,5/25/1983,10:05 AM,50426,18.536,True,Sales
Phillip,Male,5/15/1984,06:15 AM,134120,6.842,False,Human Resources
Ryan,Male,11/16/2012,01:47 PM,57292,6.01,False,Default_Team
Karen,Female,8/29/1997,04:56 PM,80633,16.306,False,Legal
Bonnie,Female,8/25/2004,02:17 AM,131943,14.249,False,Client Services
Earl,Male,6/15/2013,03:00 AM,48046,7.737,False,Marketing
Katherine,Female,8/18/2013,03:58 PM,97443,13.657,False,Product
Matthew,Male,08-03-1995,05:39 AM,135352,7.986,True,Business Development
Cynthia,Default_Gender,11/19/1996,10:40 PM,107816,18.751,False,Marketing
Gerald,Male,3/29/2003,10:37 AM,96329,2.469,True,Engineering
Brenda,Female,1/18/2015,04:39 PM,73749,19.332,False,Business Development
Jason,Male,05-01-1998,06:05 PM,75607,4.299,True,Sales
Melissa,Female,09-08-1994,04:11 AM,98858,3.525,True,Human Resources
Beverly,Female,04-11-1998,02:27 PM,76485,9.212,True,Engineering
Terry,Default_Gender,09-11-1992,04:41 PM,41238,8.219,False,Marketing
Default_First Name,Male,09-05-1980,2024-02-18 07:36 AM,114896,13.823,Default_Senior Management,Client Services
Jacqueline,Female,5/25/2003,07:13 PM,125418,8.064,False,Distribution
Amy,Female,5/20/2009,06:26 AM,75415,19.132,False,Client Services
Robert,Default_Gender,5/25/2007,03:17 AM,90998,8.382,False,Finance
Ruby,Female,1/28/1980,11:08 PM,142868,6.318,False,Marketing
Sara,Default_Gender,11/18/2014,02:47 PM,135990,14.344,True,Distribution
Kathryn,Female,10/27/1995,03:39 PM,57300,18.015,False,Marketing
Lisa,Female,10/17/2003,01:42 PM,73706,18.53,False,Finance
Juan,Male,10-06-1993,08:52 AM,85871,9.16,False,Product
Anthony,Male,1/30/2014,09:04 PM,96795,14.837,False,Sales
David,Male,12-05-2009,08:48 AM,92242,15.407,False,Legal
Marilyn,Female,10-08-2007,12:32 AM,115149,11.934,True,Legal
Margaret,Female,01-04-2001,03:07 AM,126924,1.552,True,Finance
Default_First Name,Male,11/24/2015,2024-02-18 03:11 AM,145329,7.1,Default_Senior Management,Finance
Timothy,Male,8/25/1991,10:37 AM,92587,8.475,False,Finance
Brandon,Male,10/23/1995,12:04 PM,60263,2.709,False,Sales
Frank,Male,7/27/2013,04:32 PM,91406,5.681,True,Business Development
Betty,Female,11/19/2002,10:40 AM,37005,7.645,True,Marketing
Janice,Default_Gender,11/19/1991,06:02 PM,139791,16.968,False,Business Development
Victor,Male,03-10-2010,05:01 PM,45267,3.942,True,Sales
Kenneth,Default_Gender,2/28/1994,10:10 AM,95296,10.146,False,Finance
Jane,Female,4/27/2012,02:12 PM,59680,15.211,True,Business Development
Walter,Male,5/21/1992,12:39 AM,144701,16.323,True,Marketing
Christina,Female,6/23/2002,03:18 PM,35477,18.178,False,Human Resources
Patricia,Female,10-10-1995,04:52 PM,119266,6.911,False,Distribution
Default_First Name,Male,5/23/2001,2024-02-18 07:52 PM,103877,6.322,Default_Senior Management,Distribution
Heather,Female,7/29/1983,10:48 AM,47605,14.955,True,Human Resources
Stephanie,Female,6/26/1988,05:48 AM,136604,6.16,True,Human Resources
Alice,Female,02-09-2013,12:49 AM,121250,4.363,True,Finance
Frances,Female,5/16/2014,08:31 AM,35884,17.667,False,Sales
Elizabeth,Female,7/27/1998,11:12 AM,137144,10.081,False,Finance
Janice,Female,12/17/2009,06:42 AM,102697,3.283,False,Engineering
Donald,Male,08-01-1991,02:25 AM,61999,6.466,False,Product
Melissa,Female,10/22/2002,01:20 AM,45223,8.879,True,Legal
Carl,Male,07-07-2010,01:33 PM,54033,15.528,True,Business Development
Joe,Male,12-08-1998,10:28 AM,126120,1.02,False,Default_Team
Lois,Female,12-11-2015,04:10 PM,99747,6.168,False,Marketing
Ann,Female,9/28/2001,06:37 AM,71958,5.272,True,Distribution
Todd,Male,01-04-1983,12:34 PM,115566,6.716,True,Client Services
Marilyn,Female,1/16/1996,07:18 AM,118369,7.696,True,Business Development
Shawn,Male,3/13/2008,05:36 PM,51667,6.339,False,Product
Ryan,Male,4/27/1999,03:41 AM,85858,19.475,False,Client Services
Sean,Male,3/21/2009,11:38 AM,131423,8.957,False,Distribution
Rose,Female,01-02-2002,09:14 PM,49538,9.828,False,Client Services
George,Male,06-05-2015,05:40 AM,50369,18.9,True,Sales
Arthur,Male,12-05-2013,08:44 AM,86615,3.412,True,Business Development
Irene,Default_Gender,2/28/1991,10:23 PM,135369,4.38,False,Business Development
Deborah,Female,11-11-2003,04:53 PM,60003,9.624,False,Client Services
Default_First Name,Female,8/23/2000,2024-02-18 04:19 PM,95866,19.388,Default_Senior Management,Sales
Judith,Female,03-01-2004,07:32 AM,109324,19.488,False,Distribution
Philip,Male,03-11-2005,10:56 AM,103557,16.014,True,Business Development
Jeffrey,Male,9/20/1986,06:06 AM,111376,2.673,True,Business Development
Theresa,Female,4/27/2001,09:17 PM,75661,1.079,True,Legal
Nancy,Female,09-10-2001,11:57 PM,85213,2.386,True,Marketing
Harold,Male,6/23/2012,12:40 PM,140444,3.771,False,Distribution
Bonnie,Female,12/23/2008,09:26 AM,90427,2.01,True,Client Services
Doris,Female,07-05-1993,05:54 PM,141439,3.799,False,Business Development
Samuel,Male,08-07-1997,12:40 PM,43694,3.787,True,Engineering
Alice,Female,3/23/1996,03:09 AM,131952,12.09,False,Engineering
Maria,Female,3/14/2003,05:23 PM,96250,10.056,False,Business Development
Aaron,Default_Gender,1/22/1986,07:39 PM,63126,18.424,False,Client Services
Mark,Default_Gender,09-09-2006,12:27 PM,44836,2.657,False,Client Services
Ralph,Default_Gender,7/28/1995,06:53 PM,70635,2.147,False,Client Services
Andrew,Male,9/28/1990,09:38 AM,137386,8.611,True,Distribution
William,Male,6/26/1997,08:33 AM,104840,15.653,True,Engineering
Lori,Female,11/20/2015,01:15 PM,75498,6.537,True,Marketing
Wayne,Male,09-08-2006,11:09 AM,67471,2.728,False,Engineering
Kenneth,Male,05-10-2006,08:24 AM,101914,1.905,True,Distribution
Gerald,Default_Gender,4/15/1989,12:44 PM,93712,17.426,True,Distribution
Default_First Name,Female,9/15/1985,2024-02-18 01:50 AM,133472,16.941,Default_Senior Management,Distribution
Default_First Name,Male,7/30/2012,2024-02-18 03:07 PM,107351,5.329,Default_Senior Management,Marketing
Ashley,Female,3/31/2006,01:24 PM,142410,11.048,True,Engineering
Scott,Male,8/20/2011,08:08 AM,37385,8.226,True,Business Development
Paula,Female,5/21/1983,11:42 AM,58423,10.833,False,Business Development
Default_First Name,Female,9/14/2010,2024-02-18 05:19 AM,143638,9.662,Default_Senior Management,Default_Team
Teresa,Female,1/22/2013,03:17 PM,113425,11.907,True,Human Resources
Randy,Male,2/25/2012,05:33 AM,57266,14.077,False,Product
Joe,Male,1/19/1980,04:06 PM,119667,1.148,True,Finance
Sarah,Female,8/17/2014,11:08 PM,127118,11.176,False,Legal
Beverly,Female,10/17/1986,12:51 AM,80838,8.115,False,Engineering
Jeffrey,Male,02-03-1984,01:26 PM,70990,15.901,True,Sales
Gloria,Female,10/24/1987,04:43 AM,39833,9.631,False,Engineering
Albert,Male,9/19/1992,02:35 AM,45094,5.85,True,Business Development
Stephen,Male,10/29/1989,11:34 PM,93997,18.093,True,Business Development
Antonio,Default_Gender,6/18/1989,09:37 PM,103050,3.05,False,Legal
Jonathan,Male,8/21/2013,12:45 AM,121797,16.923,False,Product
Ann,Female,9/23/1994,11:15 AM,89443,17.94,True,Sales
Bruce,Male,05-07-1980,08:00 PM,35802,12.391,True,Sales
Catherine,Female,9/25/1989,01:31 AM,68164,18.393,False,Client Services
Louis,Male,8/16/2011,05:19 PM,93022,9.146,True,Human Resources
Thomas,Male,03-12-2016,03:10 PM,105681,19.572,False,Engineering
Louise,Female,3/27/1995,10:27 PM,43050,11.671,False,Distribution
Linda,Female,02-04-2010,08:49 PM,44486,17.308,True,Engineering
Alice,Female,09-03-1988,08:54 PM,63571,15.397,True,Product
Patrick,Male,12/30/2002,02:01 AM,75423,5.368,True,Business Development
Victor,Default_Gender,7/28/2006,02:49 PM,76381,11.159,True,Sales
Russell,Male,05-10-2013,11:08 PM,137359,11.105,False,Business Development
Harry,Male,8/30/2011,06:31 PM,67656,16.455,True,Client Services
Susan,Female,04-07-1995,10:05 PM,92436,12.467,False,Sales
Denise,Female,10/19/1992,05:42 AM,137954,4.195,True,Legal
Sarah,Female,12-04-1995,09:16 AM,124566,5.949,False,Product
Sean,Male,1/17/1983,02:23 PM,66146,11.178,False,Human Resources
Ernest,Male,7/20/2013,06:41 AM,142935,13.198,True,Product
Kimberly,Female,1/26/2013,12:57 AM,46233,8.862,True,Engineering
James,Male,1/15/1993,05:19 PM,148985,19.28,False,Legal
Rose,Female,04-06-1982,10:43 AM,91411,8.639,True,Human Resources
John,Male,12/23/1982,10:35 PM,146907,11.738,False,Engineering
Maria,Female,10/15/2011,04:53 PM,43455,13.04,False,Engineering
Stephen,Default_Gender,07-10-1983,08:10 PM,85668,1.909,False,Legal
Donna,Female,11/26/1982,07:04 AM,82871,17.999,False,Marketing
Gloria,Female,12-08-2014,05:08 AM,136709,10.331,True,Finance
Alice,Female,10-05-2004,09:34 AM,47638,11.209,False,Human Resources
Justin,Default_Gender,02-10-1991,04:58 PM,38344,3.794,False,Legal
Robin,Female,7/24/1987,01:35 PM,100765,10.982,True,Client Services
Rose,Female,8/25/2002,05:12 AM,134505,11.051,True,Marketing
Anthony,Male,10/16/2011,08:35 AM,112769,11.625,True,Finance
Tina,Female,5/15/1997,03:53 PM,56450,19.04,True,Engineering
George,Male,6/21/2013,05:47 PM,98874,4.479,True,Marketing
Henry,Default_Gender,11/23/2014,06:09 AM,132483,16.655,False,Distribution
Phillip,Male,1/31/1984,06:30 AM,42392,19.675,False,Finance
Russell,Male,5/20/2013,12:39 PM,96914,1.421,False,Product
Larry,Male,4/20/2013,04:45 PM,60500,11.985,False,Business Development
Albert,Male,5/15/2012,06:24 PM,129949,10.169,True,Sales
